,shopName,shopCode,budget,category,pandaOnly,minFee,minOrder,minDelTime,minPickTime,distance,rateNum
0,鮮茶道 (花蓮華西店),b0mp,2,['飲料'],True,19.0,79.0,15.0,5.0,2.6653900358306606,1125
1,叮哥茶飲 (花蓮北埔店),pykc,1,['飲料'],False,19.0,79.0,10.0,5.0,0.17682544851812426,59
2,梅坊小棧,x7uq,2,"['便當', '台式']",False,19.0,79.0,10.0,5.0,0.24543796865705847,762
3,戰鬥雞-油雞/醉雞 輕食 (花蓮新城光復店),a0y7,2,"['健康餐', '台式']",False,19.0,79.0,10.0,5.0,0.3000768565023711,398
4,吳家紅茶冰 (花蓮北埔店),b67i,1,['飲料'],False,19.0,79.0,10.0,5.0,0.23466287776576575,58
5,咕咕雞厚切雞排,ob1i,2,"['小吃', '炸雞']",False,19.0,79.0,15.0,10.0,0.2890973810217071,82
6,北埔廟口甜品,ux0e,1,['甜點'],False,19.0,79.0,15.0,10.0,0.12068857092053148,145
7,絕世炸雞 (花蓮北埔店),tdan,2,"['小吃', '炸雞']",False,19.0,79.0,15.0,10.0,0.6889729310761076,53
8,灰熊呵價麵食館,t1vn,2,['台式'],False,19.0,79.0,15.0,5.0,0.7039338560785643,616
9,小豬很忙蔬果滷味 (花蓮北埔店),b95r,2,['小吃'],False,19.0,79.0,15.0,5.0,0.649030344137871,10
10,巴豆夭百元美味鍋物 (花蓮北埔店),elqe,2,"['火鍋', '台式']",False,19.0,79.0,25.0,20.0,0.2811441326198756,103
11,墨醬章魚燒 (花蓮二店),k0my,2,"['小吃', '日式']",False,19.0,79.0,20.0,15.0,0.2296105640445258,421
12,麥當勞 (S445 花蓮中山二店),b0qj,2,"['漢堡', '歐美']",False,19.0,79.0,25.0,10.0,5.050300486318031,18500
13,北埔滷味&章魚燒&牛肉麵,owh8,2,"['麵食', '台式']",False,19.0,79.0,15.0,5.0,0.33717709652679595,116
14,午夜快車 (花蓮富吉店),l8yf,2,['台式'],False,19.0,79.0,30.0,15.0,4.2518597652200185,3105
15,食速列車,rcu7,2,['台式'],False,19.0,79.0,30.0,20.0,4.213424012140102,609
16,85度C (花蓮北埔店),feko,2,"['甜點', '咖啡', '蛋糕']",False,19.0,79.0,10.0,5.0,0.46732707003102303,208
17,八方雲集 (花蓮後站店),e6yc,2,"['台式', '餃子']",False,19.0,79.0,20.0,5.0,4.293954743236838,1952
18,宜蘭湯包 (花蓮中山店),i3ui,2,['中式'],False,19.0,79.0,20.0,5.0,4.319044164166892,1327
19,大呼過癮臭臭鍋 (花蓮慈濟店),u7rn,2,"['火鍋', '台式']",False,19.0,79.0,35.0,20.0,4.295175707743427,3379
20,滷大王麻辣燙 (花蓮國聯店),l5ar,2,['小吃'],False,19.0,79.0,20.0,5.0,4.688238273967791,975
21,五路鍋聖 (花蓮中山店),i9qg,2,"['火鍋', '台式']",False,19.0,79.0,35.0,20.0,5.112815480388959,3376
22,可不可熟成紅茶 (花蓮中山店),i3hp,1,['飲料'],False,19.0,79.0,20.0,5.0,5.031695015748446,1801
23,阿潘熱炒,f7sy,2,"['湯品', '麵食', '台式']",False,19.0,79.0,25.0,10.0,4.175328081930049,797
24,犇犇廚坊,do2u,2,"['歐美', '牛排']",False,19.0,79.0,15.0,10.0,0.8353698475647419,381
25,何食堂古早味小吃攤,i7zb,2,"['便當', '台式']",False,19.0,79.0,20.0,5.0,4.410122553123136,2679
26,潮味決．湯滷專門店 (花蓮中山分社),e4ca,2,['台式'],False,19.0,79.0,25.0,5.0,5.197535801850849,3419
27,摩斯漢堡Mos Burger (花蓮中山店),f1tq,2,"['漢堡', '日式']",False,19.0,79.0,35.0,15.0,5.035154091901335,6694
28,628黑白切,hism,2,"['湯品', '台式']",False,19.0,79.0,30.0,15.0,3.3547686838674147,275
29,茶朵木 (花蓮國聯店),b4py,2,['飲料'],False,19.0,79.0,20.0,5.0,4.7006465190190285,1472
30,北港蚵嗲·現炸雞排 (花蓮富國店),pmkd,2,"['小吃', '炸雞']",False,19.0,79.0,20.0,5.0,4.6826813715123015,223
31,鮮茶道 (花蓮後站店),hglq,2,['飲料'],True,19.0,79.0,20.0,5.0,4.248098283472733,435
32,清心福全 (花蓮國連店),ovq6,2,['飲料'],False,19.0,79.0,25.0,5.0,4.741457316583528,123
33,永記牛排專門店,m077,2,"['台式', '牛排']",False,19.0,79.0,20.0,5.0,4.192907107453506,482
34,水果西施 (果汁.現切水果.新鮮水果),bf73,2,['健康餐'],False,19.0,79.0,25.0,10.0,4.3593448861175865,809
35,波波刈包,zcyh,2,"['湯品', '台式']",False,19.0,79.0,30.0,15.0,5.371171174979527,169
36,找餐店 (花蓮店),d4hg,2,"['台式', '三明治 / 吐司']",False,19.0,79.0,40.0,20.0,5.813421012062512,4330
37,食神滷味 (花蓮中山店),yw2r,2,"['麵食', '火鍋', '小吃']",False,19.0,79.0,20.0,5.0,4.360250893477335,21
38,軍茶 (花蓮富國店),mru4,2,['飲料'],False,19.0,79.0,20.0,5.0,4.7283146628213695,126
39,金饌中華料理,u8lz,2,"['中式', '湯品']",False,19.0,79.0,25.0,10.0,5.181468909096421,258
40,幸福小煮,jw61,2,['日式'],False,19.0,79.0,25.0,10.0,4.625370984957309,85
41,龜記茗品 (花蓮中山店),r8zh,2,['飲料'],False,19.0,79.0,25.0,5.0,5.5708394694931815,34
42,哞哞牛肉麵,b2vt,2,"['麵食', '台式']",False,19.0,79.0,35.0,20.0,4.206219757609925,1333
43,阿紅魷魚羹(原太祖),m0di,2,"['麵食', '台式']",False,19.0,79.0,30.0,15.0,4.571874301904477,845
44,辣匠精緻小火鍋 (花蓮店),q0rd,2,"['火鍋', '台式']",False,19.0,79.0,35.0,20.0,5.0264717568733355,567
45,黃金刈包,dbj4,1,['小吃'],False,19.0,79.0,25.0,10.0,4.256176072476805,101
46,清心福全 (花蓮中美店),qezc,1,['飲料'],False,19.0,79.0,20.0,5.0,4.787088764740166,77
47,CYC DOPO HILL Kitchen,lv4w,2,"['披薩', '歐美']",False,19.0,79.0,25.0,10.0,5.069740760069774,164
48,叮哥茶飲 (花蓮北埔店),pykc,1,['飲料'],False,19.0,79.0,10.0,5.0,0.17682544851812426,59
49,梅坊小棧,x7uq,2,"['便當', '台式']",False,19.0,79.0,10.0,5.0,0.24543796865705847,762
50,戰鬥雞-油雞/醉雞 輕食 (花蓮新城光復店),a0y7,2,"['健康餐', '台式']",False,19.0,79.0,10.0,5.0,0.3000768565023711,398
51,吳家紅茶冰 (花蓮北埔店),b67i,1,['飲料'],False,19.0,79.0,10.0,5.0,0.23466287776576575,58
52,咕咕雞厚切雞排,ob1i,2,"['小吃', '炸雞']",False,19.0,79.0,15.0,10.0,0.2890973810217071,82
53,北埔廟口甜品,ux0e,1,['甜點'],False,19.0,79.0,15.0,10.0,0.12068857092053148,145
54,絕世炸雞 (花蓮北埔店),tdan,2,"['小吃', '炸雞']",False,19.0,79.0,15.0,10.0,0.6889729310761076,53
55,灰熊呵價麵食館,t1vn,2,['台式'],False,19.0,79.0,15.0,5.0,0.7039338560785643,616
56,小豬很忙蔬果滷味 (花蓮北埔店),b95r,2,['小吃'],False,19.0,79.0,15.0,5.0,0.649030344137871,10
57,巴豆夭百元美味鍋物 (花蓮北埔店),elqe,2,"['火鍋', '台式']",False,19.0,79.0,25.0,20.0,0.2811441326198756,103
58,墨醬章魚燒 (花蓮二店),k0my,2,"['小吃', '日式']",False,19.0,79.0,20.0,15.0,0.2296105640445258,421
59,麥當勞 (S445 花蓮中山二店),b0qj,2,"['漢堡', '歐美']",False,19.0,79.0,25.0,10.0,5.050300486318031,18500
60,北埔滷味&章魚燒&牛肉麵,owh8,2,"['麵食', '台式']",False,19.0,79.0,15.0,5.0,0.33717709652679595,116
61,午夜快車 (花蓮富吉店),l8yf,2,['台式'],False,19.0,79.0,30.0,15.0,4.2518597652200185,3105
62,食速列車,rcu7,2,['台式'],False,19.0,79.0,30.0,20.0,4.213424012140102,609
63,85度C (花蓮北埔店),feko,2,"['甜點', '咖啡', '蛋糕']",False,19.0,79.0,10.0,5.0,0.46732707003102303,208
64,八方雲集 (花蓮後站店),e6yc,2,"['台式', '餃子']",False,19.0,79.0,20.0,5.0,4.293954743236838,1952
65,宜蘭湯包 (花蓮中山店),i3ui,2,['中式'],False,19.0,79.0,20.0,5.0,4.319044164166892,1327
66,大呼過癮臭臭鍋 (花蓮慈濟店),u7rn,2,"['火鍋', '台式']",False,19.0,79.0,35.0,20.0,4.295175707743427,3379
67,滷大王麻辣燙 (花蓮國聯店),l5ar,2,['小吃'],False,19.0,79.0,20.0,5.0,4.688238273967791,975
68,五路鍋聖 (花蓮中山店),i9qg,2,"['火鍋', '台式']",False,19.0,79.0,35.0,20.0,5.112815480388959,3376
69,可不可熟成紅茶 (花蓮中山店),i3hp,1,['飲料'],False,19.0,79.0,20.0,5.0,5.031695015748446,1801
70,阿潘熱炒,f7sy,2,"['湯品', '麵食', '台式']",False,19.0,79.0,25.0,10.0,4.175328081930049,797
71,犇犇廚坊,do2u,2,"['歐美', '牛排']",False,19.0,79.0,15.0,10.0,0.8353698475647419,381
72,何食堂古早味小吃攤,i7zb,2,"['便當', '台式']",False,19.0,79.0,20.0,5.0,4.410122553123136,2679
73,潮味決．湯滷專門店 (花蓮中山分社),e4ca,2,['台式'],False,19.0,79.0,25.0,5.0,5.197535801850849,3419
74,摩斯漢堡Mos Burger (花蓮中山店),f1tq,2,"['漢堡', '日式']",False,19.0,79.0,35.0,15.0,5.035154091901335,6694
75,628黑白切,hism,2,"['湯品', '台式']",False,19.0,79.0,30.0,15.0,3.3547686838674147,275
76,茶朵木 (花蓮國聯店),b4py,2,['飲料'],False,19.0,79.0,20.0,5.0,4.7006465190190285,1472
77,北港蚵嗲·現炸雞排 (花蓮富國店),pmkd,2,"['小吃', '炸雞']",False,19.0,79.0,20.0,5.0,4.6826813715123015,223
78,鮮茶道 (花蓮後站店),hglq,2,['飲料'],True,19.0,79.0,20.0,5.0,4.248098283472733,435
79,清心福全 (花蓮國連店),ovq6,2,['飲料'],False,19.0,79.0,25.0,5.0,4.741457316583528,123
80,永記牛排專門店,m077,2,"['台式', '牛排']",False,19.0,79.0,20.0,5.0,4.192907107453506,482
81,水果西施 (果汁.現切水果.新鮮水果),bf73,2,['健康餐'],False,19.0,79.0,25.0,10.0,4.3593448861175865,809
82,波波刈包,zcyh,2,"['湯品', '台式']",False,19.0,79.0,30.0,15.0,5.371171174979527,169
83,找餐店 (花蓮店),d4hg,2,"['台式', '三明治 / 吐司']",False,19.0,79.0,40.0,20.0,5.813421012062512,4330
84,食神滷味 (花蓮中山店),yw2r,2,"['麵食', '火鍋', '小吃']",False,19.0,79.0,20.0,5.0,4.360250893477335,21
85,軍茶 (花蓮富國店),mru4,2,['飲料'],False,19.0,79.0,20.0,5.0,4.7283146628213695,126
86,金饌中華料理,u8lz,2,"['中式', '湯品']",False,19.0,79.0,25.0,10.0,5.181468909096421,258
87,幸福小煮,jw61,2,['日式'],False,19.0,79.0,25.0,10.0,4.625370984957309,85
88,龜記茗品 (花蓮中山店),r8zh,2,['飲料'],False,19.0,79.0,25.0,5.0,5.5708394694931815,34
89,哞哞牛肉麵,b2vt,2,"['麵食', '台式']",False,19.0,79.0,35.0,20.0,4.206219757609925,1333
90,阿紅魷魚羹(原太祖),m0di,2,"['麵食', '台式']",False,19.0,79.0,30.0,15.0,4.571874301904477,845
91,辣匠精緻小火鍋 (花蓮店),q0rd,2,"['火鍋', '台式']",False,19.0,79.0,35.0,20.0,5.0264717568733355,567
92,黃金刈包,dbj4,1,['小吃'],False,19.0,79.0,25.0,10.0,4.256176072476805,101
93,清心福全 (花蓮中美店),qezc,1,['飲料'],False,19.0,79.0,20.0,5.0,4.787088764740166,77
94,CYC DOPO HILL Kitchen,lv4w,2,"['披薩', '歐美']",False,19.0,79.0,25.0,10.0,5.069740760069774,164
95,小歇茶鋪,d1jb,2,"['麵食', '台式']",False,19.0,79.0,30.0,15.0,4.67815414518907,833
96,超美烘焙廚房,jg4j,1,['歐美'],False,19.0,79.0,25.0,10.0,5.111938321214961,262
97,一茴麵食專賣店,m6kd,2,"['麵食', '台式']",False,19.0,79.0,35.0,20.0,4.541156154308916,358
98,饗窩牛肉麵&丼飯,t9f9,2,"['麵食', '台式']",False,19.0,79.0,25.0,10.0,4.564415238235538,380
99,士官長の烤香腸,l2ao,1,['小吃'],False,19.0,79.0,25.0,10.0,5.217349329368418,61
100,森活鹹酥雞,l6mp,1,['小吃'],False,19.0,79.0,25.0,15.0,2.6739342499319223,0
101,冰心茶王 (花蓮華西店),e1sp,1,['飲料'],False,19.0,79.0,15.0,5.0,2.6844755016106943,771
102,STARBUCKS 星巴克 (花蓮中央門市),c5wa,2,"['歐美', '飲料']",False,19.0,79.0,20.0,5.0,4.12795438541055,1557
103,紅茶小賣所 (花蓮國聯店),wvul,1,['飲料'],False,19.0,79.0,20.0,5.0,4.175919606313564,288
104,食速列車 (富強路店),b2em,2,['飲料'],False,19.0,79.0,20.0,5.0,4.2002561433123216,1266
105,COMEBUY (花蓮中山店),d8zn,1,['飲料'],True,19.0,79.0,20.0,5.0,4.2876853963045845,1147
106,冰心茶王 (慈濟中山店),b3yp,1,['飲料'],False,19.0,79.0,20.0,5.0,4.305665950245672,1373
107,蜂之鄉 (花蓮站前店),m5kk,1,['飲料'],False,19.0,79.0,20.0,5.0,4.456970967881321,142
108,紅茶洋行 (花蓮國聯二店),yxl4,1,['飲料'],False,19.0,79.0,20.0,5.0,4.534857860312043,226
109,寶島紅茶冰 (花蓮中山店),ovjy,1,['飲料'],False,19.0,79.0,20.0,5.0,4.5369663332688415,96
110,冰心茶王 (花蓮國聯店),r8j7,1,['飲料'],False,19.0,79.0,20.0,5.0,4.5434400304840645,165
111,老田庄楊桃汁&檸檬姐姐咖喱屋,pvqa,1,['飲料'],False,19.0,79.0,20.0,5.0,4.670779185399908,62
112,小餓茶舖&寶島紅茶冰(美崙中興店),f35i,2,['飲料'],False,19.0,79.0,25.0,10.0,4.271791822894934,68
113,茶舍 (花蓮富國店),d6ye,1,['飲料'],False,19.0,79.0,20.0,5.0,4.721085354699281,886
114,快樂中式早餐店,nr79,1,"['早餐', '台式']",False,19.0,79.0,40.0,15.0,3.4830332379922067,310
115,頂呱呱TKK (花蓮國聯店),umiu,2,"['歐美', '炸雞']",False,19.0,79.0,40.0,15.0,4.360528082085094,501
116,玉心早餐店,mhuz,1,"['早餐', '漢堡', '台式', '三明治 / 吐司']",False,19.0,79.0,40.0,15.0,1.1762430024300254,49
117,嘎嘎叫早餐店,e4d2,1,"['早餐', '台式']",False,19.0,79.0,40.0,15.0,4.536489882974563,421
118,呷尚寶 (花蓮富吉店),f9jn,1,"['早餐', '台式']",False,19.0,79.0,40.0,15.0,4.620452786809821,2691
119,標記早午餐,f7vl,2,"['早餐', '湯品', '台式']",False,19.0,79.0,40.0,15.0,3.2956451945618097,712
120,麥町吐司工房 (花蓮新城店),y982,2,"['早餐', '台式', '三明治 / 吐司']",False,19.0,79.0,40.0,15.0,0.697307377582356,259
121,早晨故事,e2lt,2,"['早餐', '台式']",False,19.0,79.0,40.0,10.0,4.919095718383855,1599
122,萬佳鄉明欣店 (明禮路與民國路交叉口),b3ur,2,"['早餐', '台式']",False,19.0,79.0,40.0,10.0,5.6304986306091624,581
123,萬佳鄉 (花蓮豐農店),d1sq,2,"['早餐', '台式']",False,19.0,79.0,40.0,10.0,5.392336338226853,2895
124,萬佳鄉 (花蓮自強店),b2pe,2,"['早餐', '台式']",False,19.0,79.0,40.0,10.0,4.583528156703638,3462
125,弘爺漢堡 (花蓮北昌店),b4ue,2,"['早餐', '台式']",False,19.0,79.0,40.0,10.0,4.95989443312202,1128
126,萬佳鄉蓮晴店,x71n,2,"['早餐', '台式']",False,19.0,79.0,40.0,15.0,5.055218286997335,133
127,弘爺漢堡 (花蓮太昌店),b1ru,2,"['早餐', '台式']",False,19.0,79.0,40.0,10.0,5.310539564906423,2781
128,弘爺漢堡 (花蓮七星潭店),b6uo,2,"['早餐', '台式']",False,19.0,79.0,40.0,10.0,2.687607964697508,1121
129,輕浪飲早午餐,fiod,2,"['早餐', '歐美']",False,19.0,79.0,40.0,15.0,1.2841099181048818,92
130,米先生廚房,xk58,2,"['早餐', '台式']",False,19.0,79.0,40.0,15.0,4.937641152234876,99
131,樂活早午餐,e9wl,1,"['早餐', '台式']",False,19.0,79.0,40.0,10.0,5.561477786678401,1312
132,米娜輕食早午餐,e1dr,2,['台式'],False,19.0,79.0,40.0,10.0,0.15596028537264278,2794
133,to me 找餐殿,t55k,2,['台式'],False,19.0,79.0,40.0,15.0,4.3783444056515375,113
134,Morni莫尼早餐 (花蓮吉安店),be3y,2,"['甜點', '早餐', '漢堡', '麵食', '三明治 / 吐司']",False,19.0,79.0,40.0,15.0,5.328151539501194,166
135,萬佳鄉早餐 (花蓮中化店),v0ck,1,"['早餐', '台式']",False,19.0,79.0,40.0,15.0,4.23717695525658,1624
136,弘爺漢堡 (花蓮北埔店),d0vz,2,"['早餐', '台式']",False,19.0,79.0,40.0,10.0,0.2473638354975259,3237
137,早安美芝城 (吉安建國概念店),s7je,2,"['早餐', '歐美']",False,19.0,79.0,40.0,15.0,5.31634021075082,87
138,呷上寶 (花蓮國富店),v7ng,2,"['早餐', '台式']",False,19.0,79.0,40.0,15.0,4.615883733055507,1178
139,弘爺漢堡 (花蓮富吉店),b1ms,2,"['早餐', '台式']",False,19.0,79.0,40.0,10.0,4.1850355524135185,1088
140,艾摩斯廚房花商店,b8yc,2,"['早餐', '台式']",False,19.0,79.0,40.0,10.0,5.1759647013138,3763
141,薇薇安早餐坊,fnj5,1,"['早餐', '歐美']",False,19.0,79.0,40.0,15.0,4.320385401087192,537
142,米果早餐,e8ak,2,"['早餐', '台式']",False,19.0,79.0,40.0,10.0,4.537428196715399,1405
143,弘爺漢堡 (花蓮國聯店),d6qf,2,"['早餐', '台式']",False,19.0,79.0,40.0,10.0,4.781284013804814,1040
144,本米越式脆皮麵包,e9hx,2,['東南亞'],False,19.0,79.0,40.0,10.0,5.290157096166698,1675
145,弘爺漢堡 (花蓮合盛店),h05a,2,"['早餐', '台式']",True,19.0,79.0,40.0,15.0,4.2017273888653035,275
146,阿法洛黃金早餐,zyth,1,['台式'],False,19.0,79.0,40.0,15.0,4.915797414880245,523
147,張瑋烤肉蛋土司 (花蓮富國店),b0zl,2,"['早餐', '台式']",False,19.0,79.0,40.0,10.0,4.856185240452657,3374
148,千香漢堡 (花蓮富祥店),h93s,2,"['早餐', '台式']",False,19.0,79.0,40.0,15.0,4.316928785558478,23
149,KAMIKAMI BURGER (花蓮富安店),ikk1,2,"['漢堡', '歐美', '咖哩']",False,19.0,79.0,40.0,15.0,4.00391811028536,0
150,吐司坊-現做吐司專賣店,b9jc,2,"['台式', '三明治 / 吐司']",False,19.0,79.0,40.0,10.0,4.271210467168223,3479
151,手工蛋餅,lb3m,2,['台式'],False,19.0,79.0,40.0,15.0,4.024202581581932,1
152,小福美而美,e3uy,2,"['早餐', '台式']",False,19.0,79.0,40.0,10.0,4.590473205669081,899
153,城市漢堡 (花蓮中興店),mori,2,"['早餐', '台式']",False,19.0,79.0,40.0,15.0,4.511605764148954,125
154,瑞麟美而美 (花蓮明禮店),dzbq,1,"['早餐', '台式']",False,19.0,79.0,40.0,15.0,5.241021763550953,25
155,菈瓦早午餐,ehmn,2,"['早餐', '台式']",False,19.0,79.0,40.0,15.0,4.225567568286586,388
156,妙妙屋元氣早午餐,e1fu,2,"['早餐', '台式']",False,19.0,79.0,40.0,10.0,0.5594678068651547,663
157,羅伯咖啡 (花蓮府前店),d3qk,1,"['甜點', '咖啡', '蛋糕']",False,19.0,79.0,40.0,10.0,3.309851342294541,447
158,來點卡路里早午餐,e4we,2,"['早餐', '台式']",False,19.0,79.0,40.0,10.0,4.674235003255891,685
159,小不點美而美,d5nj,1,"['早餐', '台式']",False,19.0,79.0,40.0,10.0,5.799097520674453,7240
160,國風黑輪,s2tl,2,['小吃'],False,19.0,79.0,40.0,15.0,4.900954443921676,1518
161,吮指王 (花蓮中華店),j9md,2,"['台式', '炸雞']",False,19.0,79.0,40.0,15.0,4.551297846936214,731
162,麥味登 (花蓮慈大店),b9cy,2,"['早餐', '台式']",False,19.0,79.0,40.0,10.0,4.6391246102057355,2268
163,吃貨找找餐早餐店,hc48,1,['台式'],False,19.0,79.0,40.0,15.0,4.2242064159051225,68
164,蔓蔓蒔光,ysjr,2,['台式'],False,19.0,79.0,40.0,15.0,5.515847929403192,49
165,悟饕池上飯包 (花蓮美崙店),fjc5,2,"['便當', '台式']",True,19.0,79.0,40.0,15.0,3.4666404656402596,476
166,久久便當,fjzm,2,"['便當', '台式']",False,19.0,79.0,40.0,15.0,4.915116558700792,96
167,嘉義雞肉飯,ns83,2,"['麵食', '台式']",False,19.0,79.0,40.0,15.0,1.8742296362651223,56
168,阿力廣東粥,z9g7,2,"['粥', '台式']",False,19.0,79.0,40.0,15.0,0.47822976495879604,118
169,巧苓紅茶 (花蓮太昌店),b6gh,2,['飲料'],False,19.0,79.0,40.0,10.0,5.338978367281781,2364
170,快七客 (花蓮北埔店),xy2w,2,"['湯品', '台式']",False,19.0,79.0,40.0,15.0,0.27058913483150243,449
171,讚不絕口小火鍋 (花蓮北埔店),q7co,2,"['火鍋', '台式']",False,19.0,79.0,40.0,15.0,0.17085327509524673,30
172,美食家便當 (花蓮富安店),e8dm,2,"['便當', '台式']",False,19.0,79.0,40.0,10.0,4.305513191683287,890
173,康樂小吃店,n1pa,2,"['麵食', '台式']",False,19.0,79.0,40.0,15.0,2.3316638942816734,886
174,皇佳便當專賣店,b1xb,2,"['便當', '台式']",False,19.0,79.0,40.0,10.0,5.331894668415074,1417
175,禾野鐵板燒 (花蓮新城店),s9gl,2,"['鐵板燒', '台式']",False,19.0,79.0,40.0,15.0,1.8978188782395369,902
176,富爾捷喘息咖啡館,eijt,2,"['咖啡', '歐美']",False,19.0,79.0,40.0,15.0,0.2636834149226853,82
177,台越美食 (韋竹台越美食),qalx,2,"['麵食', '東南亞']",False,19.0,79.0,40.0,15.0,4.896843821052682,83
178,李記廣東粥 (花蓮中山店),e5ba,1,"['中式', '粥']",False,19.0,79.0,40.0,10.0,4.316795576577422,1624
179,野，餐日 (花蓮中山店),ev6s,2,"['便當', '健康餐']",False,19.0,79.0,40.0,15.0,5.68564908166997,1043
180,好家便當,bora,2,"['便當', '台式']",False,19.0,79.0,40.0,15.0,5.337460872359922,85
181,秝秝飽滿手工水餃 (富國總店),c3ac,2,"['湯品', '台式', '餃子']",False,19.0,79.0,40.0,15.0,4.694139403216364,1490
182,美食家便當 (花蓮美崙店),o6qq,2,"['便當', '台式']",False,19.0,79.0,40.0,15.0,5.094377478006392,41
183,職饗花蓮雞湯小卷米粉,bdj4,2,['台式'],False,19.0,79.0,40.0,15.0,4.3998173090455275,195
184,麗池飯包,j0ao,2,"['便當', '台式']",False,19.0,79.0,40.0,15.0,5.564064516852595,3329
185,建國路火雞肉飯 (火車站前店),i0j1,2,"['湯品', '便當', '台式']",False,19.0,79.0,40.0,15.0,4.538327837666305,835
186,九湯屋日式拉麵 (花蓮新城店),d8ox,2,"['麵食', '日式']",False,19.0,79.0,40.0,10.0,0.2633015184633043,466
187,美崙第一刀削麵,b2sl,2,"['湯品', '麵食', '台式']",False,19.0,79.0,40.0,10.0,4.333937726215734,2063
188,聯發港式燒臘店 (花蓮中山店),b3xm,2,"['便當', '港式']",False,19.0,79.0,40.0,10.0,4.992681339421864,2219
189,穀司鐵板燒,hdio,2,"['鐵板燒', '台式']",False,19.0,79.0,40.0,15.0,0.34700716849141783,594
190,高雄鴨肉麵,cuiq,2,"['湯品', '麵食', '台式']",False,19.0,79.0,40.0,15.0,5.508722066492232,1278
191,珍香肉羹,xvhq,2,['台式'],False,19.0,79.0,40.0,15.0,5.715273752700097,152
192,動吃動循環工作室,b5lq,2,"['便當', '健康餐']",False,19.0,79.0,40.0,10.0,5.76378831834892,2817
193,喫鍋小火鍋,dv6f,2,"['火鍋', '台式']",False,19.0,79.0,40.0,15.0,4.712312717991031,473
194,植物戀,b2ib,2,['素食'],False,19.0,79.0,40.0,10.0,5.070264058789469,1097
195,茶梗,i5g0,2,['飲料'],False,19.0,79.0,40.0,15.0,0.49618843568520365,88
196,榛榛豆腐店仔,x032,2,"['麵食', '素食']",False,19.0,79.0,40.0,15.0,4.353244457605685,297
197,食飯 輕食餐盒,b99u,2,"['便當', '健康餐']",False,19.0,79.0,40.0,15.0,4.749120426738153,25
198,天城蔬食,uby9,2,"['便當', '素食']",False,19.0,79.0,40.0,15.0,5.390900927208965,517
199,采豆休閒店,lom5,2,"['湯品', '台式']",False,19.0,79.0,40.0,15.0,3.531084424896604,79
200,真功夫炒飯,ldh3,2,"['麵食', '台式']",False,19.0,79.0,40.0,15.0,4.624780096890447,25
201,以利廚房 (義大利麵．燉飯),wiv7,2,"['歐美', '麵食']",False,19.0,79.0,40.0,15.0,1.3411863045071444,20
202,嗎那義大利麵,i1gb,2,"['歐美', '麵食']",False,19.0,79.0,40.0,15.0,4.171712826362382,466
203,寶哥永和藥燉排骨,fe1q,2,"['麵食', '台式']",False,19.0,79.0,40.0,15.0,4.225391125616065,37
204,吉爾泰,e3np,2,['東南亞'],False,19.0,79.0,40.0,10.0,5.223621022034015,488
205,甜蜜之家茶鋪,d6tf,2,['台式'],False,19.0,79.0,40.0,10.0,5.081067369256009,469
206,一鼎紅麻辣館,g77j,2,"['湯品', '麵食', '台式']",False,19.0,79.0,40.0,15.0,4.924354433491911,360
207,Gulai廚房,rhln,2,"['咖哩', '台式']",False,19.0,79.0,40.0,15.0,4.939233706559744,36
208,懶洋洋南洋料理,b2pw,2,['東南亞'],False,19.0,79.0,40.0,10.0,4.642630362761033,796
209,赤燄日式燒肉,n00q,2,['日式'],False,19.0,79.0,40.0,15.0,4.2263274571496865,136
210,小蘿蔔蔬食 (素食),hv7i,2,"['麵食', '台式']",False,19.0,79.0,40.0,15.0,4.2238420434350985,13
211,小食回憶車輪餅,ezuq,1,['甜點'],False,19.0,79.0,40.0,15.0,0.11546074377959185,9
212,吃一杯 杯面屋,f2hz,2,['台式'],False,19.0,79.0,40.0,15.0,3.4094427950235184,432
213,都渴以 (花蓮甜心店),v3tj,1,['飲料'],False,19.0,79.0,40.0,15.0,0.45508603756778515,1
214,花蓮應食來素食餐廳,l8xj,1,"['湯品', '麵食', '素食']",False,19.0,79.0,40.0,15.0,4.44961856974932,509
215,加一春捲,e2vj,1,['台式'],False,19.0,79.0,40.0,10.0,5.102980074969932,1570
216,波波食堂bubble house (花蓮北埔店),gpgs,1,['甜點'],False,19.0,79.0,40.0,15.0,0.2460643322310347,65
217,家鄉碳烤雞排 (花蓮北埔店),ygdg,2,['小吃'],False,19.0,79.0,40.0,15.0,0.4830380623217975,52
218,東霸王甘蔗雞,b1sv,2,['台式'],False,19.0,79.0,40.0,10.0,4.766440263035001,360
219,吮指王 (花蓮北埔店),d4gf,2,"['台式', '炸雞']",False,19.0,79.0,40.0,10.0,0.1489496333364398,2225
220,小8三色地瓜球 (花蓮富吉店),ht5a,1,['甜點'],False,19.0,79.0,40.0,15.0,4.181607199365241,65
221,廟口勝鹹水雞 (花蓮富國店),lxzx,2,['小吃'],False,19.0,79.0,40.0,15.0,4.6352709215323324,270
222,北埔廟口越南小吃,e4ry,1,"['湯品', '東南亞']",False,19.0,79.0,40.0,10.0,0.1266644096567523,1190
223,霸魏鐵板牛排飯 (花蓮美崙店),e6uj,2,"['台式', '牛排']",False,19.0,79.0,40.0,10.0,4.09909617728179,3400
224,你娘烤好,lijj,1,['小吃'],False,19.0,79.0,40.0,15.0,3.61280878331333,73
225,台素素食餐館,ifot,2,"['便當', '麵食', '素食']",False,19.0,79.0,40.0,15.0,4.3769465478890295,38
226,LUNA,c63a,1,['飲料'],False,19.0,79.0,40.0,15.0,0.7283697745709048,5
227,大大大腸包小腸,odmx,2,['小吃'],False,19.0,79.0,40.0,15.0,4.357585375637858,95
228,千香漢堡 (花蓮富祥店),h93s,2,"['早餐', '台式']",False,19.0,79.0,40.0,15.0,4.316928785558478,23
229,KAMIKAMI BURGER (花蓮富安店),ikk1,2,"['漢堡', '歐美', '咖哩']",False,19.0,79.0,40.0,15.0,4.00391811028536,0
230,吐司坊-現做吐司專賣店,b9jc,2,"['台式', '三明治 / 吐司']",False,19.0,79.0,40.0,10.0,4.271210467168223,3479
231,手工蛋餅,lb3m,2,['台式'],False,19.0,79.0,40.0,15.0,4.024202581581932,1
232,小福美而美,e3uy,2,"['早餐', '台式']",False,19.0,79.0,40.0,10.0,4.590473205669081,899
233,城市漢堡 (花蓮中興店),mori,2,"['早餐', '台式']",False,19.0,79.0,40.0,15.0,4.511605764148954,125
234,瑞麟美而美 (花蓮明禮店),dzbq,1,"['早餐', '台式']",False,19.0,79.0,40.0,15.0,5.241021763550953,25
235,菈瓦早午餐,ehmn,2,"['早餐', '台式']",False,19.0,79.0,40.0,15.0,4.225567568286586,388
236,妙妙屋元氣早午餐,e1fu,2,"['早餐', '台式']",False,19.0,79.0,40.0,10.0,0.5594678068651547,663
237,羅伯咖啡 (花蓮府前店),d3qk,1,"['甜點', '咖啡', '蛋糕']",False,19.0,79.0,40.0,10.0,3.309851342294541,447
238,來點卡路里早午餐,e4we,2,"['早餐', '台式']",False,19.0,79.0,40.0,10.0,4.674235003255891,685
239,小不點美而美,d5nj,1,"['早餐', '台式']",False,19.0,79.0,40.0,10.0,5.799097520674453,7240
240,國風黑輪,s2tl,2,['小吃'],False,19.0,79.0,40.0,15.0,4.900954443921676,1518
241,吮指王 (花蓮中華店),j9md,2,"['台式', '炸雞']",False,19.0,79.0,40.0,15.0,4.551297846936214,731
242,麥味登 (花蓮慈大店),b9cy,2,"['早餐', '台式']",False,19.0,79.0,40.0,10.0,4.6391246102057355,2268
243,吃貨找找餐早餐店,hc48,1,['台式'],False,19.0,79.0,40.0,15.0,4.2242064159051225,68
244,蔓蔓蒔光,ysjr,2,['台式'],False,19.0,79.0,40.0,15.0,5.515847929403192,49
245,悟饕池上飯包 (花蓮美崙店),fjc5,2,"['便當', '台式']",True,19.0,79.0,40.0,15.0,3.4666404656402596,476
246,久久便當,fjzm,2,"['便當', '台式']",False,19.0,79.0,40.0,15.0,4.915116558700792,96
247,嘉義雞肉飯,ns83,2,"['麵食', '台式']",False,19.0,79.0,40.0,15.0,1.8742296362651223,56
248,阿力廣東粥,z9g7,2,"['粥', '台式']",False,19.0,79.0,40.0,15.0,0.47822976495879604,118
249,巧苓紅茶 (花蓮太昌店),b6gh,2,['飲料'],False,19.0,79.0,40.0,10.0,5.338978367281781,2364
250,快七客 (花蓮北埔店),xy2w,2,"['湯品', '台式']",False,19.0,79.0,40.0,15.0,0.27058913483150243,449
251,讚不絕口小火鍋 (花蓮北埔店),q7co,2,"['火鍋', '台式']",False,19.0,79.0,40.0,15.0,0.17085327509524673,30
252,美食家便當 (花蓮富安店),e8dm,2,"['便當', '台式']",False,19.0,79.0,40.0,10.0,4.305513191683287,890
253,康樂小吃店,n1pa,2,"['麵食', '台式']",False,19.0,79.0,40.0,15.0,2.3316638942816734,886
254,皇佳便當專賣店,b1xb,2,"['便當', '台式']",False,19.0,79.0,40.0,10.0,5.331894668415074,1417
255,禾野鐵板燒 (花蓮新城店),s9gl,2,"['鐵板燒', '台式']",False,19.0,79.0,40.0,15.0,1.8978188782395369,902
256,富爾捷喘息咖啡館,eijt,2,"['咖啡', '歐美']",False,19.0,79.0,40.0,15.0,0.2636834149226853,82
257,台越美食 (韋竹台越美食),qalx,2,"['麵食', '東南亞']",False,19.0,79.0,40.0,15.0,4.896843821052682,83
258,李記廣東粥 (花蓮中山店),e5ba,1,"['中式', '粥']",False,19.0,79.0,40.0,10.0,4.316795576577422,1624
259,野，餐日 (花蓮中山店),ev6s,2,"['便當', '健康餐']",False,19.0,79.0,40.0,15.0,5.68564908166997,1043
260,好家便當,bora,2,"['便當', '台式']",False,19.0,79.0,40.0,15.0,5.337460872359922,85
261,秝秝飽滿手工水餃 (富國總店),c3ac,2,"['湯品', '台式', '餃子']",False,19.0,79.0,40.0,15.0,4.694139403216364,1490
262,美食家便當 (花蓮美崙店),o6qq,2,"['便當', '台式']",False,19.0,79.0,40.0,15.0,5.094377478006392,41
263,職饗花蓮雞湯小卷米粉,bdj4,2,['台式'],False,19.0,79.0,40.0,15.0,4.3998173090455275,195
264,麗池飯包,j0ao,2,"['便當', '台式']",False,19.0,79.0,40.0,15.0,5.564064516852595,3329
265,建國路火雞肉飯 (火車站前店),i0j1,2,"['湯品', '便當', '台式']",False,19.0,79.0,40.0,15.0,4.538327837666305,835
266,九湯屋日式拉麵 (花蓮新城店),d8ox,2,"['麵食', '日式']",False,19.0,79.0,40.0,10.0,0.2633015184633043,466
267,美崙第一刀削麵,b2sl,2,"['湯品', '麵食', '台式']",False,19.0,79.0,40.0,10.0,4.333937726215734,2063
268,聯發港式燒臘店 (花蓮中山店),b3xm,2,"['便當', '港式']",False,19.0,79.0,40.0,10.0,4.992681339421864,2219
269,穀司鐵板燒,hdio,2,"['鐵板燒', '台式']",False,19.0,79.0,40.0,15.0,0.34700716849141783,594
270,高雄鴨肉麵,cuiq,2,"['湯品', '麵食', '台式']",False,19.0,79.0,40.0,15.0,5.508722066492232,1278
271,珍香肉羹,xvhq,2,['台式'],False,19.0,79.0,40.0,15.0,5.715273752700097,152
272,動吃動循環工作室,b5lq,2,"['便當', '健康餐']",False,19.0,79.0,40.0,10.0,5.76378831834892,2817
273,喫鍋小火鍋,dv6f,2,"['火鍋', '台式']",False,19.0,79.0,40.0,15.0,4.712312717991031,473
274,植物戀,b2ib,2,['素食'],False,19.0,79.0,40.0,10.0,5.070264058789469,1097
275,茶梗,i5g0,2,['飲料'],False,19.0,79.0,40.0,15.0,0.49618843568520365,88
276,榛榛豆腐店仔,x032,2,"['麵食', '素食']",False,19.0,79.0,40.0,15.0,4.353244457605685,297
277,食飯 輕食餐盒,b99u,2,"['便當', '健康餐']",False,19.0,79.0,40.0,15.0,4.749120426738153,25
278,天城蔬食,uby9,2,"['便當', '素食']",False,19.0,79.0,40.0,15.0,5.390900927208965,517
279,采豆休閒店,lom5,2,"['湯品', '台式']",False,19.0,79.0,40.0,15.0,3.531084424896604,79
280,真功夫炒飯,ldh3,2,"['麵食', '台式']",False,19.0,79.0,40.0,15.0,4.624780096890447,25
281,以利廚房 (義大利麵．燉飯),wiv7,2,"['歐美', '麵食']",False,19.0,79.0,40.0,15.0,1.3411863045071444,20
282,嗎那義大利麵,i1gb,2,"['歐美', '麵食']",False,19.0,79.0,40.0,15.0,4.171712826362382,466
283,寶哥永和藥燉排骨,fe1q,2,"['麵食', '台式']",False,19.0,79.0,40.0,15.0,4.225391125616065,37
284,吉爾泰,e3np,2,['東南亞'],False,19.0,79.0,40.0,10.0,5.223621022034015,488
285,甜蜜之家茶鋪,d6tf,2,['台式'],False,19.0,79.0,40.0,10.0,5.081067369256009,469
286,一鼎紅麻辣館,g77j,2,"['湯品', '麵食', '台式']",False,19.0,79.0,40.0,15.0,4.924354433491911,360
287,Gulai廚房,rhln,2,"['咖哩', '台式']",False,19.0,79.0,40.0,15.0,4.939233706559744,36
288,懶洋洋南洋料理,b2pw,2,['東南亞'],False,19.0,79.0,40.0,10.0,4.642630362761033,796
289,赤燄日式燒肉,n00q,2,['日式'],False,19.0,79.0,40.0,15.0,4.2263274571496865,136
290,小蘿蔔蔬食 (素食),hv7i,2,"['麵食', '台式']",False,19.0,79.0,40.0,15.0,4.2238420434350985,13
291,小食回憶車輪餅,ezuq,1,['甜點'],False,19.0,79.0,40.0,15.0,0.11546074377959185,9
292,吃一杯 杯面屋,f2hz,2,['台式'],False,19.0,79.0,40.0,15.0,3.4094427950235184,432
293,都渴以 (花蓮甜心店),v3tj,1,['飲料'],False,19.0,79.0,40.0,15.0,0.45508603756778515,1
294,花蓮應食來素食餐廳,l8xj,1,"['湯品', '麵食', '素食']",False,19.0,79.0,40.0,15.0,4.44961856974932,509
295,加一春捲,e2vj,1,['台式'],False,19.0,79.0,40.0,10.0,5.102980074969932,1570
296,波波食堂bubble house (花蓮北埔店),gpgs,1,['甜點'],False,19.0,79.0,40.0,15.0,0.2460643322310347,65
297,家鄉碳烤雞排 (花蓮北埔店),ygdg,2,['小吃'],False,19.0,79.0,40.0,15.0,0.4830380623217975,52
298,東霸王甘蔗雞,b1sv,2,['台式'],False,19.0,79.0,40.0,10.0,4.766440263035001,360
299,吮指王 (花蓮北埔店),d4gf,2,"['台式', '炸雞']",False,19.0,79.0,40.0,10.0,0.1489496333364398,2225
300,小8三色地瓜球 (花蓮富吉店),ht5a,1,['甜點'],False,19.0,79.0,40.0,15.0,4.181607199365241,65
301,廟口勝鹹水雞 (花蓮富國店),lxzx,2,['小吃'],False,19.0,79.0,40.0,15.0,4.6352709215323324,270
302,北埔廟口越南小吃,e4ry,1,"['湯品', '東南亞']",False,19.0,79.0,40.0,10.0,0.1266644096567523,1190
303,霸魏鐵板牛排飯 (花蓮美崙店),e6uj,2,"['台式', '牛排']",False,19.0,79.0,40.0,10.0,4.09909617728179,3400
304,你娘烤好,lijj,1,['小吃'],False,19.0,79.0,40.0,15.0,3.61280878331333,73
305,台素素食餐館,ifot,2,"['便當', '麵食', '素食']",False,19.0,79.0,40.0,15.0,4.3769465478890295,38
306,LUNA,c63a,1,['飲料'],False,19.0,79.0,40.0,15.0,0.7283697745709048,5
307,大大大腸包小腸,odmx,2,['小吃'],False,19.0,79.0,40.0,15.0,4.357585375637858,95
